{
  "project_info": {
    "project_number": "942051550233",
    "project_id": "oda-app-2e80d",
    "storage_bucket": "oda-app-2e80d.appspot.com"
  },
  "client": [
    {
      "client_info": {
        "mobilesdk_app_id": "1:942051550233:android:ebcc337e0be4fb036ab688",
        "android_client_info": {
          "package_name": "com.example.o_d_a"
        }
      },
      "oauth_client": [
        {
          "client_id": "942051550233-pblpq1mudol4ana24bfp2os471ppnt6f.apps.googleusercontent.com",
          "client_type": 3
        }
      ],
      "api_key": [
        {
          "current_key": "AIzaSyAeCa_FhMQ_MXatUSd21_2iqb4i2HqGKpM"
        }
      ],
      "services": {
        "appinvite_service": {
          "other_platform_oauth_client": [
            {
              "client_id": "942051550233-pblpq1mudol4ana24bfp2os471ppnt6f.apps.googleusercontent.com",
              "client_type": 3
            }
          ]
        }
      }
    }
  ],
  "configuration_version": "1"
}